OPEN,CLOSE,HIGH,LOW

1212.1212121212122,1521.4540611164146,1521.4540611164146,1035.2
1522.7512829895754,1434.3223854972118,1522.7512829895754,1187.7671126450923
1522.7512829895754,1434.3223854972118,1522.7512829895754,1187.7671126450923
1430.758186413802,1655.8715520558662,1674.5085308448924,1314.66
1430.758186413802,1655.8715520558662,1674.5085308448924,1314.66
